product,price
"Chave Canivete Oca Gm P/adaptação Celta, Astra,vectra Agile",59.90
"Faixa Refletiva P/ Caminhoes, Onibus E Vans (unidade)",1.80
"Rótulos, Etiquetas Auto-adesivas Personalizadas E Impressas",1.00
"Telha Ecológica, Chapa Ecológica, Telha Térmica Ecopreserve",35.45
2 Militec Condicionador De Metais Frete Gratis Brasil,125.99
Acabamento Caramelo Banco Traseiro Capitiva Original,196.95
Adesivos Marcas Antigas Carros Motos Retro Vintage Antigo,2.49
Adesivos Vintage Retrô Fusca Carro Antigo Hoodride Rat Look,2.60
Balança Digital De Cozinha Sf-400 Até 10kg,18.49
Balança Digital Precisão Pesa De 1gr Até 10kg Com Garantia,18.99
Balança Eletronica Digital 40kg Alta Precisão Envio Imediato,111.90
Balança Eletrônica Digital 40kg Bivolt Alta Precisão,102.50
Bateria Maxpower 400ah Auto Desempenho Estacionaria Maxpowe,896.00
Cadeirinha Bebê Infantil  Automóvel 9 A 36 Kg Baby Style,195.00
Caixa Dagua 5000 Litros Polietileno Frete Gratis Gde Sp,379.00
Capa De Banco Couro Ecologico Corsa Celta Prisma Com Logo Gm,189.50
Capa De Banco Couro Ecologico Gol G2 G3 G4 G5 G6 Com Logo Vw,249.90
Capa Porca Roda Cromada Caminhão 17mm A 33mm Cada 10 Ganha 2,1.42
Capacete De Moto Pro Tork New Liberty 4 Preto Fosco,74.90
Capacete Moto Escamoteável Pro Tork V-pro Jet 2 Carbon,169.90
Capacete Moto Feminino Pro Tork Sport Moto For Girls Preto,74.90
Capacete Moto Pro Tork Evolution 3g Nos City Preto,129.90
Carburador De Fusca 1500/1600 H-30pic,119.90
Cesto Empilhavel Expositor Organizador Gondola Plastico,7.50
Chapa Ou Placa De Acrílico Preto Sob Medida,1.00
Chapa Ou Placa De Acrílico Sob Medida - Acrílico 100%,1.00
Chapa Ou Placa De Policarbonato Sob Medida - Resistente,1.00
Chave Canivete Gm Astra Vectra Corsa Montana Agile Celta,79.90
Conector Rápido P/ Fios Sem Solda Sem Parafuso + Nota Fiscal,1.00
Conjunto Jogo Chave Catraca Reversível Com Soquetes 40 Peças,26.99
Display Preço Etiqueta Buffet -ps Cristal (similar Acrílico),1.00
Economize Combustível 20% A 60% - Kit Ger. Hho Hidrogênio -,390.00
Etiqueta De Troca De Oleo Original Volkswagen Vw Nova,2.49
Farol De Milha Led 27w 12v/24v Carro Jeep Barco Moto Onibus,48.99
Farol Gol G3 Saveiro Parati  Bi-parábola Máscara Negra #1884,98.99
Farol Gol G4 Power 06 07 08 09 Saveiro Parati Mascara Negra,72.99
Fita De Led Rolo 5m 5metros Sanca Decoração Casa+fontegratis,17.99
Flange Motor Ap X Câmbio Do Fusca,209.99
Furadeira De Bancada 1/2 250w 1680br Gamma 110/220v,339.42
Furadeira E Parafusadeira 12v + 50 Acessórios B&d Cd121k50,229.00
Furadeira E Parafusadeira Smart Bosch Gsr1000 Bivolt,199.00
Gerador De Hidrogênio+map+efie+aço316+o Melhor Custo Benefic,499.00
Inversor 1000w Conversor Entrada 12v Saida 110v Ou 220v,99.99
Jogo Chave Combinada Boca Estrela 6 A 22mm Resistente 12peça,39.99
Jogos De Mesas Bar 70x70 C/ 4 Cadeiras Dobrável Em Madeira,259.99
Jogos De Mesas Bar 70x70 Com 4 Cadeiras Dobrável Em Madeira,198.99
Kit 10 Brocas Diamantadas Furar Vidros Espelho Piso Ceramica,60.00
Kit 4 Amortecedor Corsa / Celta / Prisma - Novo Cofap + Kit,499.00
Kit 4 Pisca Seta Led  Moto  Esportivo Nao Precisa De Rele,118.90
Kit Chave Catraca Reversível Jogo De Soquetes + Alien 50 Pçs,74.99
Kit Chave Catraca Reversível Jogo De Soquetes 40 Pçs Maleta,27.99
Kit Sensor De Estacionamento Câmera De Ré Espelho Retrovisor,172.99
Kit Sensor Estacionamento Câmera Ré Espelho Retrovisor Lcd,129.90
Kit Xenon Hid 6000k 8000k 10000k 12000k H1 H3 H4 H7 H11 Hb4,85.89
Kit Xenon Lampada H1 H3 H7 H11 Hb3 Hb4 H4-2 6000k 8000k,62.90
Lampada Led T5 B8.5 Para Painel Suporte Mosquito - Unid,2.35
Lampada Osram Night Breaker Unlimited H4 Par Farol 110%+ Luz,115.90
Lampada Pingo 8 Leds T10 Xenon Super Branca Frete Fixo,2.40
Manta Térmica Subcobertura Duas Faces Promoção M²,2.90
Militec-1 Condicionador De Metais 200ml-100%original C/nf,68.9
Militec-1® Original Vida Longa Ao Motor Proteção Desempenho,59.87
Mini Balança Digital De Precisão  1g A 10kg Cozinha Sf-400,18.90
Modulo Amplificador Taramps Ts-800 X4 800w Rms Rca + Sedex,359.99
Máquina De Solda 250a 110/220v Com Acessórios Toolmix,299.00
Palete / Pallets / Pisos E Estrados Em Plastico,4.80
Par De Lâmpada Super Branca H1 H4 H7 H3 Hb4 H11 H27 + Brinde,19.99
Par De Lâmpada Super Branca H1 H4 H7 H8 H3 Hb4 H11 H27,18.00
Parafusadeira Bateria 3.6v Bivolt + Kit Bits Tramontina,64.90
Parafusadeira Dobrável Bateria 4.8v Kit 80pç Makita 127v,179.00
Parafusadeira E Furadeira 12v Gsr 1000 Smart Bivolt Bosch,199.00
Piso De Borracha (moeda Ou Pastilhado) Placa 50x50,4.00
Piso Tatil Inox Elemento Solto,1.00
Piso Tátil Alerta E Direcional Pvc 25x25cm,3.79
Pistola De Pintura Compressor De Tinta Paint 110v 220v,108.90
Placa De Acrílico Transparente Sob Medida,1.00
Promoção Adaptador Receptor Bluetooth Usb Musica Carro P2,15.88
Rastreador Bloqueador Veicular Gt06 Gps Carro Caminhão Moto,97.99
Rastreador Gps Bloqueador Veicular Tk-303 Carro Moto O Coban,118.90
Rede De Proteção Tela De Proteção: Rede E Corda,7.99
Relógio Ponto Biométrico Digital Português Pronta Entrega,135.99
Sacola Tnt- 34x40 Com Acabamento Em Ultra-som- Personalizada,2.00
Scanner Automotivo Universal Obd2 Bluetooth Versão 2017,35.99
Serra Mármore 4.3/8 4100nh3z Makita (110v) + Brinde 4 Discos,279.90
Serra Mármore 4.3/8 4100nh3z Makita (220v) + Brinde 4 Discos,279.90
Sirene Automotiva 7 Tons Microfone Sons Policia Bombeiro Som,35.99
Sirene Policia Tipo Rontan Megafone 7 Tons Carro Moto Alarme,39.90
Suporte Celular Para Moto Resistente Agua Bicicleta Motoboy,31.99
Tela De Sombreamento (sombrite) C/ 80% - Valor Do M²,3.14
Tela De Sombreamento Tipo Sombrite C/ 50% - Valor Do M²,1.89
Tela Passarinheira Plástica Metasul Passarinheiro,1.55
Telas Sombreamento Estufas Agricola Sombrite 50% Valor Do M²,1.74
Telha Transparente Romana Policarbonato Melhor Preço Da Net,10.50
Termômetro Laser Digital Infravermelho Temperatura -50º-420º,44.99
Trena Digital A Laser Medição A Distância Alcance 18 Metros,39.99
Volante Rallye Super Surf Gol Parati Saveiro G2 G3 G4 + Cubo,99.90
Volante Rallye Super Surf Gol Parati Saveiro Slim C/ Cubo,99.89
